loan_id,age,income,loan_amount,credit_score,employment_years,loan_term,interest_rate,default_status,EMI_income_ratio
1,35,50000.0,200000.0,720,6,36,10.5,0,0.3333333333333333
2,28,30000.0,150000.0,610,2,48,14.2,1,0.4166666666666667
3,42,80000.0,300000.0,780,10,24,9.5,0,0.3125
4,25,25000.0,180000.0,590,1,60,16.8,1,0.6
